{"cameraMode":{"drawMode":0,"name":"Shaded","section":"Shading Mode"},"sceneLighting":true,"audioPlay":false,"sceneViewState":{"showFog":true,"showMaterialUpdate":false,"showSkybox":true,"showFlares":true,"showImageEffects":true,"showParticleSystems":true},"in2DMode":false,"pivot":{"x":4.197770118713379,"y":1.7892005443572999,"z":-0.2949533462524414},"rotation":{"x":-0.0010075391037389637,"y":0.9986281394958496,"z":-0.04797099903225899,"w":-0.020974278450012208},"size":5.515676498413086,"orthographic":false}